trialIndex,stepIndex,timeClock,meanFitness
0,1,1.006286,1.00009
0,2,2.008707,1.00014
0,3,3.006318,1.00026
0,4,3.998656,1.00034
0,5,4.98865,1.0005
0,6,6.005316,1.00056
0,7,7.018414,1.00084
0,8,8.017318,1.00119
0,9,9.003112,1.00132
0,10,10.003066,1.00144
0,11,11.002487,1.0015
0,12,11.999756,1.00155
0,13,13.0012,1.00167
0,14,14.010355,1.00171
0,15,15.000309,1.00183
0,16,15.992083,1.00185
0,17,16.991964,1.00206
0,18,17.990669,1.00272
0,19,18.975125,1.00284
0,20,19.970225,1.00294
0,21,20.95956,1.00342
0,22,21.940805,1.00332
0,23,22.942319,1.0033
0,24,23.941762,1.00371
0,25,24.930391,1.00374
0,26,25.943159,1.00417
0,27,26.947483,1.00437
0,28,27.941778,1.00489
0,29,28.946738,1.00537
0,30,29.949066,1.00562
0,31,30.936743,1.00587
0,32,31.949195,1.00606
0,33,32.948671,1.00656
0,34,33.940316,1.00699
0,35,34.944974,1.00748
0,36,35.946247,1.00779
0,37,36.930713,1.00833
0,38,37.93336,1.00907
0,39,38.930262,1.00948
0,40,39.932642,1.00988
0,41,40.915063,1.01027
0,42,41.906979,1.01073
0,43,42.887651,1.01123
0,44,43.86812,1.01188
0,45,44.845349,1.01269
0,46,45.83823,1.01257
0,47,46.843131,1.01287
0,48,47.817956,1.01347
0,49,48.814487,1.01407
0,50,49.795194,1.01477
0,51,50.766525,1.01586
0,52,51.756612,1.0156
0,53,52.743459,1.01651
0,54,53.738268,1.01717
0,55,54.716916,1.01754
0,56,55.681614,1.01803
0,57,56.645294,1.01819
0,58,57.62132,1.01892
0,59,58.600438,1.01972
0,60,59.587359,1.02055
0,61,60.579614,1.02119
0,62,61.549089,1.02195
0,63,62.521384,1.02295
0,64,63.506074,1.02363
0,65,64.478815,1.02479
0,66,65.467317,1.02498
0,67,66.458511,1.02567
0,68,67.4458,1.02571
0,69,68.415613,1.02615
0,70,69.402638,1.02773
0,71,70.379431,1.02866
0,72,71.348762,1.02911
0,73,72.306279,1.02972
0,74,73.279868,1.0308
0,75,74.251331,1.03175
0,76,75.234541,1.03239
0,77,76.203584,1.03273
0,78,77.172751,1.03283
0,79,78.157445,1.03319
0,80,79.130943,1.03427
0,81,80.082312,1.03476
0,82,81.047048,1.03564
0,83,82.012466,1.03691
0,84,82.985198,1.03715
0,85,83.935863,1.03736
0,86,84.905266,1.03885
0,87,85.866512,1.03964
0,88,86.838078,1.04041
0,89,87.80343,1.04164
0,90,88.766004,1.04227
0,91,89.723853,1.04368
0,92,90.684311,1.04468
0,93,91.652856,1.04497
0,94,92.610738,1.04627
0,95,93.564394,1.04742
0,96,94.517555,1.04777
0,97,95.484977,1.04882
0,98,96.452544,1.05042
0,99,97.411668,1.05117
0,100,98.37162,1.05253
0,101,99.342641,1.05308
0,102,100.275354,1.05415
0,103,101.211867,1.05508
0,104,102.158611,1.0561
0,105,103.114214,1.05665
0,106,104.054427,1.05798
0,107,104.994347,1.05888
0,108,105.927868,1.06003
0,109,106.861595,1.06077
0,110,107.796656,1.06157
0,111,108.741899,1.06244
0,112,109.674989,1.06363
0,113,110.608401,1.0647
0,114,111.554725,1.06627
0,115,112.506063,1.06648
0,116,113.430635,1.06725
0,117,114.382832,1.06869
0,118,115.298747,1.06894
0,119,116.226752,1.06952
0,120,117.161456,1.06993
0,121,118.092678,1.07072
0,122,119.008018,1.07185
0,123,119.954092,1.07238
0,124,120.89644,1.07249
0,125,121.818431,1.07331
0,126,122.733329,1.07398
0,127,123.681857,1.07552
0,128,124.606219,1.07654
0,129,125.518622,1.0775
0,130,126.46217,1.07865
0,131,127.38416,1.07908
0,132,128.311821,1.07959
0,133,129.262124,1.08078
0,134,130.193863,1.0808
0,135,131.107127,1.08135
0,136,132.025838,1.08209
0,137,132.939173,1.08293
0,138,133.861402,1.08345
0,139,134.78465,1.08371
0,140,135.699457,1.08483
0,141,136.613231,1.08582
0,142,137.523318,1.0862
0,143,138.436876,1.08683
0,144,139.348352,1.08776
0,145,140.265063,1.08813
0,146,141.192289,1.08878
0,147,142.107865,1.08955
0,148,143.036861,1.09016
0,149,143.965886,1.09029
0,150,144.890718,1.09062
0,151,145.801173,1.0911
0,152,146.713067,1.09141
0,153,147.623383,1.09153
0,154,148.54438,1.09177
0,155,149.469497,1.09247
0,156,150.3811,1.09296
0,157,151.303049,1.09315
0,158,152.22549,1.09357
0,159,153.138423,1.09371
0,160,154.043277,1.0939
0,161,154.964313,1.09406
0,162,155.889977,1.09421
0,163,156.797237,1.09473
0,164,157.713762,1.09452
0,165,158.62449,1.09488
0,166,159.548222,1.09504
0,167,160.454805,1.09534
0,168,161.379617,1.09564
0,169,162.306106,1.09589
0,170,163.213482,1.0959
0,171,164.130885,1.09613
0,172,165.035264,1.09617
0,173,165.957765,1.0963
0,174,166.872685,1.09612
0,175,167.801302,1.09611
0,176,168.720884,1.09594
0,177,169.617121,1.09588
0,178,170.54735,1.09598
0,179,171.46073,1.09624
0,180,172.380854,1.09633
0,181,173.287097,1.09636
0,182,174.194224,1.09661
0,183,175.11423,1.09684
0,184,176.015839,1.09677
0,185,176.931381,1.09694
0,186,177.843577,1.09673
0,187,178.764013,1.09681
0,188,179.661987,1.09691
0,189,180.566255,1.09693
0,190,181.470989,1.09723
0,191,182.391801,1.09727
0,192,183.306684,1.09723
0,193,184.209582,1.09737
0,194,185.119978,1.09738
0,195,186.031915,1.09722
0,196,186.952612,1.09715
0,197,187.865676,1.09729
0,198,188.78014,1.09737
0,199,189.691867,1.09729
0,200,190.601735,1.09756
0,201,191.525863,1.09761
0,202,192.428482,1.09773
0,203,193.331378,1.09795
0,204,194.253256,1.0982
0,205,195.14437,1.09826
0,206,196.058454,1.09845
0,207,196.965374,1.09847
0,208,197.876597,1.09865
0,209,198.782249,1.09863
0,210,199.67902,1.09857
0,211,200.584052,1.09848
0,212,201.48426,1.09844
0,213,202.397263,1.09852
0,214,203.309315,1.09862
0,215,204.225382,1.09866
0,216,205.146942,1.09871
0,217,206.051376,1.09866
0,218,206.949504,1.09877
0,219,207.86862,1.09881
0,220,208.795008,1.09906
0,221,209.714035,1.09908
0,222,210.62969,1.09921
0,223,211.529631,1.09926
0,224,212.435877,1.09946
0,225,213.343755,1.09944
0,226,214.236739,1.09936
0,227,215.152044,1.09943
0,228,216.060865,1.09954
0,229,216.974998,1.09957
0,230,217.8704,1.09967
0,231,218.774922,1.09968
0,232,219.675314,1.09978
0,233,220.583405,1.09976
0,234,221.491325,1.0998
0,235,222.377977,1.09982
0,236,223.277508,1.0999
0,237,224.179574,1.09987
0,238,225.08063,1.09986
0,239,225.978759,1.09981
0,240,226.887698,1.09985
0,241,227.802459,1.09987
0,242,228.697788,1.09992
1,1,0.992813,1.00016
1,2,1.988457,1.00028
1,3,2.998211,1.00049
1,4,3.98842,1.00064
1,5,5.004104,1.00081
1,6,6.010213,1.00103
1,7,7.023812,1.00111
1,8,8.026675,1.00129
1,9,9.0245,1.00135
1,10,10.015556,1.0015
1,11,11.020172,1.00186
1,12,12.005944,1.00192
1,13,13.018617,1.00191
1,14,14.009034,1.00223
1,15,15.008775,1.00249
1,16,16.004061,1.00296
1,17,17.005986,1.00333
1,18,17.99713,1.00351
1,19,18.990754,1.00377
1,20,19.980603,1.00415
1,21,20.979912,1.00439
1,22,21.967295,1.00473
1,23,22.971238,1.00524
1,24,23.959257,1.00557
1,25,24.961212,1.00615
1,26,25.964765,1.00668
1,27,26.953267,1.0074
1,28,27.951258,1.0075
1,29,28.949919,1.00796
1,30,29.93754,1.00852
1,31,30.917822,1.00879
1,32,31.898861,1.00871
1,33,32.884951,1.00957
1,34,33.862489,1.01041
1,35,34.862736,1.01087
1,36,35.832262,1.01131
1,37,36.822088,1.01221
1,38,37.812877,1.01261
1,39,38.791173,1.01306
1,40,39.758184,1.01368
1,41,40.733194,1.01443
1,42,41.728657,1.0146
1,43,42.723438,1.01499
1,44,43.70241,1.01561
1,45,44.681724,1.0155
1,46,45.661042,1.01587
1,47,46.648824,1.01664
1,48,47.635404,1.01711
1,49,48.607774,1.01856
1,50,49.596029,1.01962
1,51,50.55997,1.02045
1,52,51.530215,1.02178
1,53,52.512942,1.02248
1,54,53.506517,1.02297
1,55,54.482811,1.02364
1,56,55.455085,1.02346
1,57,56.433367,1.02444
1,58,57.427197,1.0257
1,59,58.391952,1.02568
1,60,59.378285,1.02611
1,61,60.353798,1.02732
1,62,61.311169,1.02822
1,63,62.305352,1.02855
1,64,63.278792,1.02884
1,65,64.249632,1.0291
1,66,65.233708,1.02959
1,67,66.195026,1.03056
1,68,67.140234,1.03119
1,69,68.109626,1.03171
1,70,69.078632,1.03205
1,71,70.050693,1.03243
1,72,71.021926,1.03307
1,73,72.005684,1.03346
1,74,72.968399,1.03407
1,75,73.924985,1.0347
1,76,74.879782,1.03572
1,77,75.838087,1.03647
1,78,76.790515,1.03719
1,79,77.746433,1.03793
1,80,78.717479,1.03911
1,81,79.670655,1.03998
1,82,80.629706,1.0411
1,83,81.594139,1.04181
1,84,82.548536,1.04251
1,85,83.50375,1.04363
1,86,84.475444,1.04391
1,87,85.450049,1.04456
1,88,86.407637,1.04568
1,89,87.364261,1.04688
1,90,88.331676,1.04814
1,91,89.268298,1.04949
1,92,90.208139,1.05075
1,93,91.164193,1.05134
1,94,92.107909,1.05233
1,95,93.06812,1.05254
1,96,94.017184,1.05372
1,97,94.993159,1.05527
1,98,95.942698,1.05585
1,99,96.902844,1.05719
1,100,97.853925,1.05825
1,101,98.800151,1.06021
1,102,99.743116,1.06139
1,103,100.68362,1.0625
1,104,101.645681,1.06299
1,105,102.592772,1.06397
1,106,103.538205,1.06486
1,107,104.458837,1.06515
1,108,105.395471,1.06578
1,109,106.334991,1.06657
1,110,107.276807,1.06757
1,111,108.215002,1.06895
1,112,109.145578,1.06898
1,113,110.082449,1.06951
1,114,111.022625,1.0702
1,115,111.969393,1.07082
1,116,112.912092,1.07213
1,117,113.846288,1.07258
1,118,114.784918,1.07351
1,119,115.721701,1.07402
1,120,116.658463,1.0744
1,121,117.589636,1.07523
1,122,118.505503,1.07594
1,123,119.433758,1.07708
1,124,120.362871,1.0777
1,125,121.28732,1.07882
1,126,122.215755,1.07919
1,127,123.142558,1.07994
1,128,124.066615,1.08018
1,129,124.999859,1.08109
1,130,125.934056,1.08141
1,131,126.860522,1.08176
1,132,127.780424,1.08225
1,133,128.687795,1.08254
1,134,129.61753,1.08312
1,135,130.54446,1.08386
1,136,131.471352,1.0845
1,137,132.405113,1.0852
1,138,133.328236,1.0859
1,139,134.23468,1.08623
1,140,135.151286,1.08658
1,141,136.074083,1.08733
1,142,136.997709,1.08823
1,143,137.914374,1.08851
1,144,138.82908,1.08908
1,145,139.743872,1.08967
1,146,140.671103,1.08979
1,147,141.578103,1.09046
1,148,142.501925,1.09093
1,149,143.41223,1.0916
1,150,144.318577,1.09266
1,151,145.238705,1.09301
1,152,146.159321,1.09318
1,153,147.054087,1.09315
1,154,147.976556,1.0939
1,155,148.895009,1.09397
1,156,149.816695,1.09428
1,157,150.73118,1.09436
1,158,151.653446,1.09436
1,159,152.573698,1.09455
1,160,153.485553,1.09499
1,161,154.403234,1.09535
1,162,155.320502,1.09558
1,163,156.220628,1.09598
1,164,157.126768,1.09589
1,165,158.039671,1.09605
1,166,158.944108,1.0965
1,167,159.854191,1.09667
1,168,160.756474,1.09708
1,169,161.653242,1.09724
1,170,162.561482,1.09757
1,171,163.4892,1.09724
1,172,164.39917,1.09737
1,173,165.308082,1.09754
1,174,166.214938,1.09776
1,175,167.129083,1.09788
1,176,168.043547,1.09783
1,177,168.963199,1.0979
1,178,169.86788,1.09787
1,179,170.769315,1.09781
1,180,171.681453,1.09792
1,181,172.580488,1.09824
1,182,173.480948,1.09801
1,183,174.388005,1.09801
1,184,175.288341,1.09816
1,185,176.214406,1.09826
1,186,177.133907,1.09813
1,187,178.046367,1.09819
1,188,178.969237,1.09824
1,189,179.876618,1.09828
1,190,180.780427,1.09831
1,191,181.688002,1.09821
1,192,182.607938,1.09819
1,193,183.520474,1.09822
1,194,184.430694,1.09837
1,195,185.347165,1.09867
1,196,186.260131,1.09862
1,197,187.166859,1.09855
1,198,188.073975,1.09843
1,199,188.984717,1.09859
1,200,189.87215,1.09858
1,201,190.789833,1.09859
1,202,191.70879,1.09868
1,203,192.610874,1.09879
1,204,193.519625,1.0989
1,205,194.438795,1.09897
1,206,195.345032,1.09901
1,207,196.258083,1.09907
1,208,197.171146,1.09916
1,209,198.070367,1.09915
1,210,199.001825,1.09911
1,211,199.912185,1.0991
1,212,200.826479,1.09914
1,213,201.742161,1.09927
1,214,202.671051,1.0992
1,215,203.591533,1.09914
1,216,204.494688,1.09917
1,217,205.417246,1.09922
1,218,206.327408,1.09945
1,219,207.232681,1.09942
1,220,208.141702,1.09951
1,221,209.040863,1.09956
1,222,209.940152,1.09947
1,223,210.849272,1.0994
1,224,211.755813,1.09944
1,225,212.661572,1.09944
1,226,213.570855,1.09937
1,227,214.48502,1.09942
1,228,215.380136,1.0993
1,229,216.285996,1.09929
1,230,217.191399,1.09915
1,231,218.099853,1.0993
1,232,219.003659,1.0993
1,233,219.919614,1.09937
1,234,220.816715,1.09942
1,235,221.729122,1.09946
1,236,222.628012,1.09948
1,237,223.543041,1.0995
1,238,224.457146,1.09957
1,239,225.368464,1.09966
1,240,226.286378,1.09961
1,241,227.196678,1.09948
1,242,228.10116,1.09956
1,243,229.018616,1.09968
1,244,229.936901,1.09979
1,245,230.848646,1.09981
1,246,231.768329,1.09983
1,247,232.66453,1.0998
1,248,233.571678,1.09985
1,249,234.489842,1.09989
1,250,235.409979,1.09991
2,1,0.979522,1.00011
2,2,1.984337,1.00023
2,3,2.982785,1.00036
2,4,3.972601,1.00042
2,5,4.974246,1.00053
2,6,5.956272,1.00068
2,7,6.960891,1.0008
2,8,7.957874,1.00088
2,9,8.942136,1.00106
2,10,9.96135,1.00117
2,11,10.966663,1.00148
2,12,11.959783,1.00184
2,13,12.957824,1.002
2,14,13.961611,1.00207
2,15,14.962908,1.00214
2,16,15.975054,1.00248
2,17,16.963543,1.00291
2,18,17.968643,1.00317
2,19,18.962371,1.00325
2,20,19.970101,1.00354
2,21,20.98505,1.00378
2,22,21.982418,1.00405
2,23,22.97756,1.0042
2,24,23.976166,1.00444
2,25,24.976632,1.00464
2,26,25.979937,1.00461
2,27,26.968489,1.00511
2,28,27.953291,1.00487
2,29,28.946919,1.00523
2,30,29.926186,1.0056
2,31,30.940098,1.00622
2,32,31.931543,1.0066
2,33,32.942493,1.00656
2,34,33.933175,1.0068
2,35,34.930812,1.00705
2,36,35.921288,1.00746
2,37,36.925009,1.00797
2,38,37.905312,1.00847
2,39,38.901983,1.00923
2,40,39.899126,1.0095
2,41,40.892344,1.01074
2,42,41.873289,1.01161
2,43,42.848819,1.01182
2,44,43.839586,1.01208
2,45,44.817792,1.01266
2,46,45.803952,1.01354
2,47,46.799191,1.01425
2,48,47.802318,1.01472
2,49,48.786752,1.01491
2,50,49.756669,1.01545
2,51,50.741793,1.01611
2,52,51.724529,1.0171
2,53,52.687513,1.01777
2,54,53.642904,1.01821
2,55,54.618161,1.019
2,56,55.595339,1.02025
2,57,56.572397,1.02124
2,58,57.55814,1.02191
2,59,58.529797,1.02244
2,60,59.488301,1.02358
2,61,60.463854,1.02368
2,62,61.429787,1.02434
2,63,62.405813,1.02536
2,64,63.381496,1.02615
2,65,64.355285,1.02767
2,66,65.327391,1.02852
2,67,66.285364,1.02882
2,68,67.263072,1.02915
2,69,68.228307,1.02996
2,70,69.205896,1.03109
2,71,70.182962,1.03204
2,72,71.159979,1.03251
2,73,72.11696,1.0331
2,74,73.079642,1.03405
2,75,74.059969,1.03516
2,76,75.010376,1.03628
2,77,75.974809,1.03712
2,78,76.931977,1.03739
2,79,77.899539,1.03874
2,80,78.860078,1.04003
2,81,79.811362,1.0407
2,82,80.787555,1.0416
2,83,81.757403,1.04273
2,84,82.702545,1.04343
2,85,83.660375,1.04439
2,86,84.605517,1.04423
2,87,85.577602,1.04426
2,88,86.529763,1.04488
2,89,87.495207,1.04615
2,90,88.467417,1.04734
2,91,89.404436,1.04846
2,92,90.346203,1.04942
2,93,91.303807,1.05
2,94,92.246157,1.05108
2,95,93.199484,1.05214
2,96,94.148134,1.05294
2,97,95.08439,1.05373
2,98,96.039543,1.05464
2,99,96.994531,1.05557
2,100,97.948752,1.0565
2,101,98.905942,1.05687
2,102,99.820675,1.05723
2,103,100.765588,1.05847
2,104,101.716834,1.05966
2,105,102.671077,1.06055
2,106,103.609662,1.06169
2,107,104.556584,1.0628
2,108,105.495922,1.06381
2,109,106.434,1.06401
2,110,107.363631,1.06523
2,111,108.288231,1.06645
2,112,109.216668,1.06745
2,113,110.17096,1.06852
2,114,111.098569,1.06957
2,115,112.020005,1.07022
2,116,112.966461,1.07136
2,117,113.919879,1.07149
2,118,114.85887,1.07246
2,119,115.792339,1.07389
2,120,116.725364,1.07405
2,121,117.664011,1.07493
2,122,118.601014,1.07576
2,123,119.536817,1.0767
2,124,120.474772,1.07721
2,125,121.392339,1.07814
2,126,122.314362,1.07868
2,127,123.234704,1.07966
2,128,124.153868,1.08095
2,129,125.083486,1.08144
2,130,126.000039,1.08152
2,131,126.931872,1.08205
2,132,127.854457,1.08263
2,133,128.78257,1.0833
2,134,129.714163,1.08373
2,135,130.641483,1.08423
2,136,131.573528,1.08506
2,137,132.492407,1.08514
2,138,133.41525,1.08573
2,139,134.328965,1.08618
2,140,135.242192,1.0868
2,141,136.16228,1.08712
2,142,137.069097,1.08753
2,143,137.983479,1.08776
2,144,138.904417,1.08772
2,145,139.818705,1.0874
2,146,140.746652,1.08776
2,147,141.675528,1.0881
2,148,142.582913,1.08811
2,149,143.498945,1.08883
2,150,144.413272,1.0889
2,151,145.329246,1.08927
2,152,146.232642,1.08958
2,153,147.158873,1.08955
2,154,148.083972,1.0899
2,155,149.000764,1.09024
2,156,149.916896,1.09067
2,157,150.840178,1.09098
2,158,151.75788,1.0909
2,159,152.668257,1.09136
2,160,153.586552,1.09146
2,161,154.497753,1.09139
2,162,155.412395,1.09151
2,163,156.329807,1.09168
2,164,157.241553,1.09179
2,165,158.145471,1.09223
2,166,159.0603,1.09227
2,167,159.966329,1.09211
2,168,160.893261,1.09241
2,169,161.81821,1.09265
2,170,162.720298,1.09285
2,171,163.628134,1.09298
2,172,164.54702,1.0933
2,173,165.46582,1.09344
2,174,166.390314,1.09348
2,175,167.324609,1.09338
2,176,168.234678,1.09359
2,177,169.1557,1.09363
2,178,170.078041,1.09357
2,179,171.00412,1.09389
2,180,171.930961,1.0939
2,181,172.849721,1.09415
2,182,173.76397,1.09396
2,183,174.67966,1.09383
2,184,175.596249,1.09405
2,185,176.505627,1.09403
2,186,177.424086,1.094
2,187,178.337689,1.09439
2,188,179.265255,1.09462
2,189,180.184896,1.09491
2,190,181.089975,1.09511
2,191,182.010148,1.09476
2,192,182.908268,1.09482
2,193,183.811611,1.09529
2,194,184.719505,1.09523
2,195,185.638713,1.09533
2,196,186.545241,1.09524
2,197,187.458018,1.09553
2,198,188.383164,1.09576
2,199,189.307892,1.09577
2,200,190.209406,1.09588
2,201,191.120958,1.09578
2,202,192.020234,1.0955
2,203,192.931034,1.09597
2,204,193.849088,1.09614
2,205,194.760262,1.09652
2,206,195.676775,1.09655
2,207,196.593784,1.09676
2,208,197.498378,1.09646
2,209,198.413702,1.09657
2,210,199.304749,1.09662
2,211,200.198997,1.09697
2,212,201.113758,1.09647
2,213,202.025919,1.0965
2,214,202.940144,1.09674
2,215,203.850407,1.09651
2,216,204.75949,1.09648
2,217,205.67029,1.09671
2,218,206.590916,1.09682
2,219,207.514185,1.09711
2,220,208.418777,1.09707
2,221,209.335576,1.09729
2,222,210.234039,1.0974
2,223,211.143515,1.09722
2,224,212.052884,1.09692
2,225,212.981801,1.0971
2,226,213.89327,1.09732
2,227,214.802414,1.09724
2,228,215.704486,1.09737
2,229,216.624149,1.09742
2,230,217.512974,1.09751
2,231,218.429655,1.09727
2,232,219.331677,1.09738
2,233,220.250919,1.09756
2,234,221.157085,1.09762
2,235,222.053678,1.09759
2,236,222.961501,1.09753
2,237,223.856487,1.09751
2,238,224.762286,1.09758
2,239,225.665749,1.09786
2,240,226.576763,1.09798
2,241,227.490319,1.09799
2,242,228.411042,1.09812
2,243,229.326981,1.09837
2,244,230.232132,1.09848
2,245,231.142308,1.09869
2,246,232.049083,1.09885
2,247,232.960834,1.09881
2,248,233.870391,1.09899
2,249,234.776142,1.09899
2,250,235.679715,1.09913
2,251,236.574564,1.09906
2,252,237.487756,1.09904
2,253,238.400792,1.09904
2,254,239.308465,1.09908
2,255,240.210932,1.0992
2,256,241.116163,1.09912
2,257,242.035441,1.09924
2,258,242.960341,1.0992
2,259,243.87725,1.09938
2,260,244.769582,1.09941
2,261,245.681987,1.09947
2,262,246.582068,1.09948
2,263,247.486071,1.09959
2,264,248.409393,1.09948
2,265,249.316111,1.09939
2,266,250.232858,1.09945
2,267,251.136427,1.09943
2,268,252.041067,1.09938
2,269,252.958119,1.09944
2,270,253.862761,1.0994
2,271,254.764726,1.09951
2,272,255.672115,1.09948
2,273,256.582246,1.09962
2,274,257.495624,1.09969
2,275,258.384533,1.09971
2,276,259.296943,1.09972
2,277,260.2014,1.09972
2,278,261.105785,1.09975
2,279,262.024896,1.0997
2,280,262.926409,1.09981
2,281,263.839492,1.09988
2,282,264.750064,1.09988
2,283,265.666857,1.09994
3,1,1.002279,1.00018
3,2,2.019646,1.00028
3,3,3.023808,1.00053
3,4,4.023285,1.00074
3,5,5.01766,1.00095
3,6,6.022768,1.00094
3,7,7.013217,1.00129
3,8,8.018335,1.00134
3,9,9.006266,1.00162
3,10,10.012022,1.00172
3,11,11.001283,1.00206
3,12,11.982014,1.00227
3,13,12.98586,1.00248
3,14,13.977882,1.00257
3,15,14.971498,1.00276
3,16,15.979096,1.00307
3,17,16.959471,1.00347
3,18,17.970137,1.0037
3,19,18.962095,1.00402
3,20,19.974206,1.00456
3,21,20.963332,1.00477
3,22,21.96877,1.00473
3,23,22.953032,1.00462
3,24,23.925299,1.00475
3,25,24.911148,1.00519
3,26,25.899686,1.00587
3,27,26.898257,1.00617
3,28,27.898698,1.0067
3,29,28.902601,1.00701
3,30,29.900897,1.00735
3,31,30.8964,1.00761
3,32,31.890308,1.00811
3,33,32.885839,1.00842
3,34,33.872744,1.00899
3,35,34.859773,1.00993
3,36,35.837389,1.01015
3,37,36.837108,1.01053
3,38,37.804998,1.01111
3,39,38.790542,1.01169
3,40,39.789194,1.01206
3,41,40.778214,1.01231
3,42,41.769412,1.01331
3,43,42.765079,1.01335
3,44,43.741294,1.01383
3,45,44.72676,1.01437
3,46,45.71259,1.01514
3,47,46.712532,1.01572
3,48,47.695557,1.01643
3,49,48.694062,1.01661
3,50,49.698825,1.01757
3,51,50.686303,1.01776
3,52,51.667139,1.01874
3,53,52.639318,1.01969
3,54,53.634417,1.02048
3,55,54.610599,1.02123
3,56,55.588494,1.02169
3,57,56.566381,1.02179
3,58,57.539188,1.02187
3,59,58.50851,1.02267
3,60,59.509117,1.02417
3,61,60.484157,1.02477
3,62,61.447164,1.02531
3,63,62.412537,1.02669
3,64,63.409298,1.02741
3,65,64.388259,1.02788
3,66,65.375684,1.02887
3,67,66.373261,1.0298
3,68,67.339743,1.03064
3,69,68.308431,1.03193
3,70,69.260072,1.03272
3,71,70.233014,1.03407
3,72,71.198966,1.03534
3,73,72.155252,1.03666
3,74,73.121715,1.03702
3,75,74.103549,1.03819
3,76,75.07443,1.03931
3,77,76.038105,1.04109
3,78,76.999341,1.04138
3,79,77.952758,1.04227
3,80,78.922915,1.04285
3,81,79.866124,1.04324
3,82,80.825196,1.04399
3,83,81.773138,1.04478
3,84,82.717931,1.04571
3,85,83.672606,1.04619
3,86,84.613499,1.04657
3,87,85.56037,1.04832
3,88,86.511136,1.04963
3,89,87.464993,1.05067
3,90,88.419116,1.05196
3,91,89.381085,1.05306
3,92,90.32759,1.05408
3,93,91.288381,1.05523
3,94,92.227238,1.05536
3,95,93.161676,1.05604
3,96,94.118477,1.05716
3,97,95.076971,1.05769
3,98,96.031206,1.05857
3,99,96.965668,1.05939
3,100,97.920878,1.06033
3,101,98.865624,1.06119
3,102,99.812943,1.06211
3,103,100.754443,1.06377
3,104,101.705475,1.06519
3,105,102.668064,1.06639
3,106,103.617005,1.06709
3,107,104.554743,1.06823
3,108,105.515592,1.06889
3,109,106.454982,1.06936
3,110,107.383201,1.07044
3,111,108.311955,1.07123
3,112,109.240548,1.07194
3,113,110.165419,1.0727
3,114,111.098289,1.07404
3,115,112.025958,1.07473
3,116,112.955264,1.07568
3,117,113.885194,1.07684
3,118,114.789532,1.07719
3,119,115.716941,1.07765
3,120,116.63951,1.07884
3,121,117.562502,1.07979
3,122,118.47122,1.07994
3,123,119.406379,1.08013
3,124,120.333406,1.08132
3,125,121.256826,1.08176
3,126,122.169684,1.08242
3,127,123.082873,1.08299
3,128,123.999629,1.08365
3,129,124.914401,1.08467
3,130,125.840027,1.08549
3,131,126.754894,1.08623
3,132,127.685598,1.08616
3,133,128.616325,1.08691
3,134,129.529189,1.08704
3,135,130.451397,1.08737
3,136,131.360389,1.08833
3,137,132.273978,1.08845
3,138,133.203502,1.08884
3,139,134.123472,1.08983
3,140,135.043065,1.08991
3,141,135.965053,1.09052
3,142,136.881371,1.09133
3,143,137.786766,1.09171
3,144,138.693363,1.09186
3,145,139.618633,1.0923
3,146,140.532972,1.09273
3,147,141.450839,1.09262
3,148,142.378452,1.09297
3,149,143.299555,1.09316
3,150,144.219985,1.09342
3,151,145.143442,1.09415
3,152,146.051309,1.09452
3,153,146.969808,1.09438
3,154,147.887807,1.09403
3,155,148.805514,1.09428
3,156,149.724728,1.09457
3,157,150.645024,1.09466
3,158,151.55162,1.09492
3,159,152.469854,1.09548
3,160,153.386915,1.09565
3,161,154.279739,1.09583
3,162,155.185942,1.0962
3,163,156.077735,1.09634
3,164,156.980181,1.09651
3,165,157.897327,1.09658
3,166,158.805896,1.09639
3,167,159.726564,1.09665
3,168,160.634519,1.09694
3,169,161.552842,1.09708
3,170,162.452234,1.09714
3,171,163.357074,1.09737
3,172,164.263892,1.09755
3,173,165.180582,1.09756
3,174,166.084279,1.09761
3,175,167.00691,1.09775
3,176,167.921643,1.09789
3,177,168.817823,1.09811
3,178,169.726601,1.09823
3,179,170.619224,1.09844
3,180,171.533117,1.0985
3,181,172.442091,1.09849
3,182,173.352093,1.09859
3,183,174.274991,1.09866
3,184,175.194854,1.09906
3,185,176.109894,1.09906
3,186,177.018241,1.09907
3,187,177.929643,1.09913
3,188,178.833493,1.09911
3,189,179.729358,1.09903
3,190,180.616467,1.09921
3,191,181.524744,1.09923
3,192,182.428953,1.09918
3,193,183.346692,1.09936
3,194,184.262377,1.09932
3,195,185.173021,1.09944
3,196,186.084828,1.0994
3,197,186.992525,1.09939
3,198,187.898881,1.0994
3,199,188.805538,1.09937
3,200,189.71025,1.09936
3,201,190.617075,1.09938
3,202,191.517711,1.09942
3,203,192.439136,1.09953
3,204,193.342803,1.09952
3,205,194.258163,1.09955
3,206,195.176402,1.09952
3,207,196.079388,1.09952
3,208,196.991836,1.09953
3,209,197.904684,1.09953
3,210,198.822881,1.09954
3,211,199.733303,1.09957
3,212,200.659579,1.09952
3,213,201.572353,1.09961
3,214,202.484993,1.09969
3,215,203.397459,1.09971
3,216,204.313962,1.09975
3,217,205.213551,1.0997
3,218,206.126555,1.09968
3,219,207.035541,1.09969
3,220,207.939395,1.09975
3,221,208.847696,1.09978
3,222,209.748652,1.09981
3,223,210.663347,1.09981
3,224,211.586279,1.09975
3,225,212.493779,1.09972
3,226,213.417368,1.09979
3,227,214.313682,1.0997
3,228,215.217664,1.09969
3,229,216.126117,1.09966
3,230,217.035925,1.09969
3,231,217.949387,1.09967
3,232,218.84834,1.09975
3,233,219.760688,1.09981
3,234,220.675767,1.09986
3,235,221.587179,1.09989
3,236,222.493771,1.09989
3,237,223.412248,1.09992
4,1,0.997113,1.00005
4,2,1.979406,1.00021
4,3,2.968045,1.00038
4,4,3.975463,1.00045
4,5,4.978649,1.00049
4,6,5.973539,1.00053
4,7,6.957851,1.00072
4,8,7.963621,1.00087
4,9,8.977562,1.00089
4,10,9.974931,1.00087
4,11,10.987416,1.001
4,12,11.994525,1.00131
4,13,13.002696,1.00152
4,14,14.002745,1.00165
4,15,14.999888,1.00208
4,16,15.980546,1.00229
4,17,16.973033,1.00277
4,18,17.968321,1.00261
4,19,18.953446,1.00269
4,20,19.94954,1.00298
4,21,20.945046,1.00361
4,22,21.950552,1.00394
4,23,22.945942,1.00412
4,24,23.939886,1.00444
4,25,24.907597,1.00506
4,26,25.888317,1.00556
4,27,26.887688,1.00578
4,28,27.873181,1.00641
4,29,28.857593,1.00665
4,30,29.863115,1.00639
4,31,30.851687,1.00686
4,32,31.848092,1.0072
4,33,32.831683,1.00743
4,34,33.814395,1.00764
4,35,34.810855,1.00786
4,36,35.805835,1.00877
4,37,36.814544,1.0096
4,38,37.809649,1.01067
4,39,38.811577,1.01099
4,40,39.778369,1.01128
4,41,40.747839,1.01181
4,42,41.740628,1.01281
4,43,42.735061,1.0131
4,44,43.720179,1.0137
4,45,44.714298,1.01463
4,46,45.679303,1.01504
4,47,46.661117,1.01634
4,48,47.643481,1.01722
4,49,48.609629,1.01779
4,50,49.576084,1.01869
4,51,50.55938,1.01888
4,52,51.535676,1.01977
4,53,52.506655,1.01985
4,54,53.477455,1.02114
4,55,54.449982,1.02255
4,56,55.43668,1.02324
4,57,56.437072,1.0244
4,58,57.418271,1.02516
4,59,58.397135,1.02635
4,60,59.370698,1.02733
4,61,60.350435,1.02763
4,62,61.327715,1.02893
4,63,62.29976,1.0296
4,64,63.263549,1.03038
4,65,64.224182,1.03049
4,66,65.178951,1.03062
4,67,66.154633,1.03106
4,68,67.105347,1.03141
4,69,68.072838,1.03293
4,70,69.019295,1.03312
4,71,69.987029,1.03445
4,72,70.95496,1.03547
4,73,71.925642,1.03639
4,74,72.88078,1.03743
4,75,73.851749,1.03853
4,76,74.814964,1.03969
4,77,75.771386,1.0404
4,78,76.744193,1.04049
4,79,77.701976,1.04132
4,80,78.655849,1.0432
4,81,79.606994,1.04439
4,82,80.569381,1.04464
4,83,81.507914,1.04604
4,84,82.472053,1.04762
4,85,83.428552,1.04853
4,86,84.372256,1.04946
4,87,85.339127,1.05078
4,88,86.28634,1.05171
4,89,87.251703,1.05179
4,90,88.203865,1.05263
4,91,89.148453,1.05317
4,92,90.095385,1.05411
4,93,91.040202,1.05503
4,94,91.983604,1.05679
4,95,92.92051,1.05854
4,96,93.863406,1.05885
4,97,94.816705,1.05998
4,98,95.771126,1.061
4,99,96.702248,1.06185
4,100,97.653305,1.06261
4,101,98.58456,1.06316
4,102,99.527328,1.06433
4,103,100.464035,1.0655
4,104,101.410248,1.06578
4,105,102.353463,1.06669
4,106,103.293374,1.06735
4,107,104.22523,1.06852
4,108,105.168588,1.06907
4,109,106.101526,1.07013
4,110,107.024827,1.0704
4,111,107.970094,1.07139
4,112,108.902074,1.07213
4,113,109.843665,1.07255
4,114,110.770393,1.07307
4,115,111.696751,1.0735
4,116,112.630437,1.07408
4,117,113.569732,1.07452
4,118,114.506762,1.07537
4,119,115.451237,1.07596
4,120,116.372079,1.07648
4,121,117.300727,1.07658
4,122,118.233762,1.07739
4,123,119.161305,1.07734
4,124,120.087423,1.07785
4,125,121.007102,1.07918
4,126,121.943749,1.0792
4,127,122.861454,1.0799
4,128,123.787408,1.08027
4,129,124.709636,1.08064
4,130,125.631431,1.08146
4,131,126.565839,1.0817
4,132,127.500914,1.08221
4,133,128.429218,1.08297
4,134,129.358317,1.08326
4,135,130.297573,1.08336
4,136,131.208415,1.08439
4,137,132.145612,1.08501
4,138,133.058496,1.08573
4,139,133.973705,1.08636
4,140,134.894813,1.08683
4,141,135.801714,1.08725
4,142,136.710357,1.08775
4,143,137.640577,1.08838
4,144,138.558169,1.08893
4,145,139.481017,1.08856
4,146,140.406001,1.08866
4,147,141.340869,1.08853
4,148,142.244443,1.08901
4,149,143.168179,1.08934
4,150,144.083809,1.08978
4,151,144.991534,1.08988
4,152,145.896906,1.09021
4,153,146.815747,1.09087
4,154,147.727964,1.09152
4,155,148.642724,1.09193
4,156,149.55138,1.09217
4,157,150.45028,1.09232
4,158,151.370411,1.09274
4,159,152.285671,1.09301
4,160,153.213228,1.09326
4,161,154.113898,1.09334
4,162,155.037123,1.09347
4,163,155.960207,1.0937
4,164,156.871939,1.09392
4,165,157.779069,1.09423
4,166,158.693257,1.09452
4,167,159.60386,1.09472
4,168,160.509732,1.09473
4,169,161.424326,1.09429
4,170,162.350835,1.09457
4,171,163.27294,1.09468
4,172,164.186738,1.09512
4,173,165.084502,1.09539
4,174,165.990956,1.09519
4,175,166.899548,1.0956
4,176,167.825726,1.09579
4,177,168.743489,1.09582
4,178,169.652453,1.09606
4,179,170.536564,1.09622
4,180,171.45591,1.09632
4,181,172.362581,1.09628
4,182,173.28394,1.09637
4,183,174.188985,1.09632
4,184,175.09113,1.09673
4,185,176.00718,1.09685
4,186,176.924834,1.097
4,187,177.840717,1.09717
4,188,178.750849,1.09701
4,189,179.663534,1.097
4,190,180.578915,1.09728
4,191,181.506204,1.09738
4,192,182.410658,1.09758
4,193,183.318886,1.09768
4,194,184.238594,1.09781
4,195,185.141661,1.09794
4,196,186.033214,1.0976
4,197,186.939647,1.09769
4,198,187.854234,1.0978
4,199,188.745512,1.09799
4,200,189.681778,1.09788
4,201,190.612935,1.09785
4,202,191.531121,1.09778
4,203,192.435777,1.09786
4,204,193.334427,1.09811
4,205,194.242765,1.09819
4,206,195.156377,1.09834
4,207,196.071182,1.09836
4,208,196.97466,1.09828
4,209,197.889399,1.0984
4,210,198.789915,1.09844
4,211,199.70221,1.09858
4,212,200.617255,1.09863
4,213,201.526451,1.09857
4,214,202.439191,1.09882
4,215,203.341177,1.09871
4,216,204.25213,1.09879
4,217,205.163009,1.09891
4,218,206.062594,1.09895
4,219,206.97324,1.09909
4,220,207.883172,1.09929
4,221,208.784014,1.09936
4,222,209.717692,1.09945
4,223,210.620333,1.0996
4,224,211.541124,1.09959
4,225,212.459684,1.09959
4,226,213.377328,1.09956
4,227,214.286969,1.09963
4,228,215.208815,1.09968
4,229,216.108656,1.09978
4,230,217.018725,1.09983
4,231,217.926471,1.09984
4,232,218.827039,1.09989
4,233,219.731678,1.09986
4,234,220.661163,1.09986
4,235,221.583415,1.09989
4,236,222.506068,1.09984
4,237,223.419895,1.09987
4,238,224.337545,1.09991
